{
    "3": {
        "position_m": {
            "x": 0.034065,
            "y": -0.248213,
            "z": 0.742939
        },
        "rotation_quat": {
            "x": 0.0233,
            "y": -0.0069,
            "z": -0.9996,
            "w": -0.0162
        },
        "corners_pixel": [
            [
                994.0,
                304.0
            ],
            [
                949.44140625,
                307.89190673828125
            ],
            [
                947.2490234375,
                260.2426452636719
            ],
            [
                997.2952880859375,
                259.95947265625
            ]
        ]
    },
    "10": {
        "position_m": {
            "x": 0.03897,
            "y": -0.164872,
            "z": 0.758093
        },
        "rotation_quat": {
            "x": -0.2343,
            "y": 0.0579,
            "z": -0.6885,
            "w": -0.6838
        },
        "corners_pixel": [
            [
                1003.70166015625,
                390.66717529296875
            ],
            [
                1002.173095703125,
                440.3395690917969
            ],
            [
                959.0,
                437.0
            ],
            [
                954.692138671875,
                392.91943359375
            ]
        ]
    },
    "9": {
        "position_m": {
            "x": 0.181716,
            "y": -0.167066,
            "z": 0.739042
        },
        "rotation_quat": {
            "x": 0.1306,
            "y": -0.0802,
            "z": -0.0459,
            "w": 0.9871
        },
        "corners_pixel": [
            [
                1143.59423828125,
                385.19427490234375
            ],
            [
                1192.6539306640625,
                382.10406494140625
            ],
            [
                1189.0,
                431.0
            ],
            [
                1145.0,
                433.0
            ]
        ]
    },
    "1": {
        "position_m": {
            "x": 0.241427,
            "y": -0.253606,
            "z": 0.80814
        },
        "rotation_quat": {
            "x": 0.0777,
            "y": 0.0404,
            "z": -0.7208,
            "w": 0.6876
        },
        "corners_pixel": []
    }
}